{
  "sites": {
    "s1": {
      "pos": [
        -0.8994338385143721,
        -4.809117991903394e-13,
        1.3799275932543347
      ],
      "fixed": false,
      "projection_target": true
    },
    "s2": {
      "pos": [
        0.5860457741657302,
        0.8568298415912302,
        1.3781352005076182
      ],
      "fixed": false,
      "projection_target": true
    },
    "s3": {
      "pos": [
        0.5860457741657561,
        -0.8568298415921577,
        1.3781352005076164
      ],
      "fixed": false,
      "projection_target": true
    },
    "s4": {
      "pos": [
        0.09002748923085929,
        -4.690611147925846e-13,
        2.7779530651901987
      ],
      "fixed": false,
      "projection_target": true
    },
    "s5": {
      "pos": [
        -0.7324893528476016,
        1.4302623790519664,
        2.309741566772499
      ],
      "fixed": false,
      "projection_target": true
    },
    "s6": {
      "pos": [
        -0.7324893528475667,
        -1.4302623790529232,
        2.309741566772499
      ],
      "fixed": false,
      "projection_target": true
    },
    "s7": {
      "pos": [
        -0.789038440547138,
        1.5209601761548086,
        0.5981598567166164
      ],
      "fixed": false,
      "projection_target": true
    },
    "s8": {
      "pos": [
        -0.7890384405471011,
        -1.520960176155769,
        0.5981598567166203
      ],
      "fixed": false,
      "projection_target": true
    },
    "s9": {
      "pos": [
        1.7396346807952299,
        -4.4893292034565796e-13,
        2.312672708998226
      ],
      "fixed": false,
      "projection_target": true
    },
    "s10": {
      "pos": [
        1.8513431864942689,
        -4.487333771134161e-13,
        0.6014908675700015
      ],
      "fixed": false,
      "projection_target": true
    },
    "s11": {
      "pos": [
        2.1999562511353496,
        -1.4277318446934661,
        1.4849861234788906
      ],
      "fixed": false,
      "projection_target": true
    },
    "s12": {
      "pos": [
        2.1999562511353123,
        1.4277318446925775,
        1.4849861234788944
      ],
      "fixed": false,
      "projection_target": true
    },
    "s13": {
      "pos": [
        1.3521625978806004,
        -1.526429613206207,
        0.0
      ],
      "fixed": false,
      "projection_target": true
    },
    "s14": {
      "pos": [
        1.352162597880564,
        1.5264296132052986,
        0.0
      ],
      "fixed": false,
      "projection_target": true
    },
    "s15": {
      "pos": [
        -2.1998082342681275,
        1.1132528972392846,
        1.482967039795977
      ],
      "fixed": false,
      "projection_target": true
    },
    "s16": {
      "pos": [
        -2.199808234268103,
        -1.1132528972402767,
        1.4829670397959793
      ],
      "fixed": false,
      "projection_target": true
    },
    "s17": {
      "pos": [
        -1.8619300473380114,
        0.3245669415725722,
        0.0
      ],
      "fixed": false,
      "projection_target": true
    },
    "s18": {
      "pos": [
        -1.8619300473380034,
        -0.32456694157355803,
        0.0
      ],
      "fixed": false,
      "projection_target": true
    }
  },
  "rod_groups": [
    {
      "name": "g1",
      "site1": "s3",
      "site2": "s2",
      "actuated": true,
      "enabled": true,
      "control_group": "ch3",
      "rod_type": "active",
      "length_limits": [
        1.713659683183388,
        1.813659683183388
      ],
      "force_limits": [
        -20000.0,
        20000.0
      ]
    },
    {
      "name": "g2",
      "site1": "s3",
      "site2": "s1",
      "actuated": true,
      "enabled": true,
      "control_group": "ch2",
      "rod_type": "active",
      "length_limits": [
        1.714879083143205,
        1.8148790831432051
      ],
      "force_limits": [
        -20000.0,
        20000.0
      ]
    },
    {
      "name": "g3",
      "site1": "s2",
      "site2": "s1",
      "actuated": true,
      "enabled": true,
      "control_group": "ch2",
      "rod_type": "active",
      "length_limits": [
        1.7148790831432001,
        1.8148790831432002
      ],
      "force_limits": [
        -20000.0,
        20000.0
      ]
    },
    {
      "name": "g4",
      "site1": "s3",
      "site2": "s4",
      "actuated": true,
      "enabled": true,
      "control_group": "ch3",
      "rod_type": "active",
      "length_limits": [
        1.7145499615690116,
        1.8145499615690117
      ],
      "force_limits": [
        -20000.0,
        20000.0
      ]
    },
    {
      "name": "g5",
      "site1": "s2",
      "site2": "s4",
      "actuated": true,
      "enabled": true,
      "control_group": "ch3",
      "rod_type": "active",
      "length_limits": [
        1.7145499615690079,
        1.814549961569008
      ],
      "force_limits": [
        -20000.0,
        20000.0
      ]
    },
    {
      "name": "g6",
      "site1": "s1",
      "site2": "s4",
      "actuated": true,
      "enabled": true,
      "control_group": "ch3",
      "rod_type": "active",
      "length_limits": [
        1.712748942281049,
        1.812748942281049
      ],
      "force_limits": [
        -20000.0,
        20000.0
      ]
    },
    {
      "name": "g7",
      "site1": "s2",
      "site2": "s5",
      "actuated": true,
      "enabled": true,
      "control_group": "ch1",
      "rod_type": "active",
      "length_limits": [
        1.713257183802822,
        1.8132571838028222
      ],
      "force_limits": [
        -20000.0,
        20000.0
      ]
    },
    {
      "name": "g8",
      "site1": "s1",
      "site2": "s5",
      "actuated": true,
      "enabled": true,
      "control_group": "ch2",
      "rod_type": "active",
      "length_limits": [
        1.714081374841039,
        1.8140813748410392
      ],
      "force_limits": [
        -20000.0,
        20000.0
      ]
    },
    {
      "name": "g9",
      "site1": "s4",
      "site2": "s5",
      "actuated": true,
      "enabled": true,
      "control_group": "ch3",
      "rod_type": "active",
      "length_limits": [
        1.7150528958857227,
        1.8150528958857228
      ],
      "force_limits": [
        -20000.0,
        20000.0
      ]
    },
    {
      "name": "g10",
      "site1": "s1",
      "site2": "s6",
      "actuated": true,
      "enabled": true,
      "control_group": "ch2",
      "rod_type": "active",
      "length_limits": [
        1.7140813748410382,
        1.8140813748410383
      ],
      "force_limits": [
        -20000.0,
        20000.0
      ]
    },
    {
      "name": "g11",
      "site1": "s3",
      "site2": "s6",
      "actuated": true,
      "enabled": true,
      "control_group": "ch0",
      "rod_type": "active",
      "length_limits": [
        1.7132571838028259,
        1.813257183802826
      ],
      "force_limits": [
        -20000.0,
        20000.0
      ]
    },
    {
      "name": "g12",
      "site1": "s4",
      "site2": "s6",
      "actuated": true,
      "enabled": true,
      "control_group": "ch3",
      "rod_type": "active",
      "length_limits": [
        1.7150528958857219,
        1.815052895885722
      ],
      "force_limits": [
        -20000.0,
        20000.0
      ]
    },
    {
      "name": "g13",
      "site1": "s2",
      "site2": "s7",
      "actuated": true,
      "enabled": true,
      "control_group": "ch2",
      "rod_type": "active",
      "length_limits": [
        1.7147265775516303,
        1.8147265775516304
      ],
      "force_limits": [
        -20000.0,
        20000.0
      ]
    },
    {
      "name": "g14",
      "site1": "s1",
      "site2": "s7",
      "actuated": true,
      "enabled": true,
      "control_group": "ch3",
      "rod_type": "active",
      "length_limits": [
        1.713670853820529,
        1.813670853820529
      ],
      "force_limits": [
        -20000.0,
        20000.0
      ]
    },
    {
      "name": "g15",
      "site1": "s5",